,crime_place,crime_cnt
0,강릉,731
1,거제,823
2,경산,1087
3,경주,1026
4,고양,2404
5,광명,1065
6,광주_광산,1095
7,광주_남구,615
8,광주_동구,603
9,광주_북구,1444
10,광주_서구,1193
11,구리,833
12,구미,1535
13,군산,933
14,군포,658
15,기타 도시,15603
16,김천,416
17,김해,2207
18,남양주,1507
19,논산,448
20,대구_남구,726
21,대구_달서,2058
22,대구_달성군,631
23,대구_동구,1265
24,대구_북구,1340
25,대구_서구,689
26,대구_수성,1099
27,대구_중구,1482
28,대전_대덕,646
29,대전_동구,1178
30,대전_서구,1789
31,대전_유성,1026
32,대전_중구,1225
33,도시이외,9511
34,목포,1171
35,범죄분류,절도
36,부산_강서,478
37,부산_금정,1031
38,부산_기장군,499
39,부산_남구,936
40,부산_동구,724
41,부산_동래,936
42,부산_부산진,2443
43,부산_북구,807
44,부산_사상,1023
45,부산_사하,1019
46,부산_서구,609
47,부산_수영,803
48,부산_연제,887
49,부산_영도,353
50,부산_중구,705
51,부산_해운대,1307
52,부천,3710
53,서산,471
54,서울_강남,2986
55,서울_강동,1654
56,서울_강북,1228
57,서울_강서,2053
58,서울_관악,2260
59,서울_광진,1870
60,서울_구로,1917
61,서울_금천,1132
62,서울_노원,1505
63,서울_도봉,791
64,서울_동대문,1542
65,서울_동작,1333
66,서울_마포,2215
67,서울_서대문,1217
68,서울_서초,2289
69,서울_성동,976
70,서울_성북,1087
71,서울_송파,2413
72,서울_양천,1483
73,서울_영등포,2418
74,서울_용산,1020
75,서울_은평,1566
76,서울_종로,1519
77,서울_중구,2205
78,서울_중랑,1659
79,성남,3252
80,수원,5199
81,순천,796
82,시흥,1769
83,아산,1298
84,안동,460
85,안산,2974
86,안양,1748
87,양산,1281
88,여수,928
89,용인,2346
90,울산_남구,1042
91,울산_동구,513
92,울산_북구,407
93,울산_울주군,617
94,울산_중구,637
95,원주,1306
96,의정부,1604
97,이천,829
98,익산,1098
99,인천_강화군,169
100,인천_계양,733
101,인천_남동,1688
102,인천_동구,190
103,인천_미추홀,1754
104,인천_부평,2390
105,인천_서구,1331
106,인천_연수,1017
107,인천_옹진군,30
108,인천_중구,848
109,전주,2211
110,정읍,364
111,제주,2328
112,제천,393
113,진주,1609
114,창원,3705
115,천안,3340
116,청주,3437
117,춘천,879
118,충주,836
119,파주,942
120,평택,2188
121,포항,2002
122,강릉,5
123,거제,1
124,경산,0
125,경주,1
126,고양,5
127,광명,1
128,광주_광산,1
129,광주_남구,2
130,광주_동구,1
131,광주_북구,1
132,광주_서구,3
133,구리,1
134,구미,6
135,군산,0
136,군포,1
137,기타 도시,100
138,김천,1
139,김해,5
140,남양주,10
141,논산,0
142,대구_남구,1
143,대구_달서,5
144,대구_달성군,3
145,대구_동구,3
146,대구_북구,1
147,대구_서구,0
148,대구_수성,1
149,대구_중구,4
150,대전_대덕,2
151,대전_동구,1
152,대전_서구,4
153,대전_유성,7
154,대전_중구,1
155,도시이외,13
156,목포,1
157,범죄분류,장물
158,부산_강서,3
159,부산_금정,8
160,부산_기장군,6
161,부산_남구,10
162,부산_동구,83
163,부산_동래,7
164,부산_부산진,24
165,부산_북구,10
166,부산_사상,9
167,부산_사하,11
168,부산_서구,5
169,부산_수영,5
170,부산_연제,7
171,부산_영도,2
172,부산_중구,23
173,부산_해운대,19
174,부천,9
175,서산,0
176,서울_강남,26
177,서울_강동,3
178,서울_강북,9
179,서울_강서,2
180,서울_관악,7
181,서울_광진,7
182,서울_구로,0
183,서울_금천,1
184,서울_노원,8
185,서울_도봉,3
186,서울_동대문,7
187,서울_동작,3
188,서울_마포,8
189,서울_서대문,2
190,서울_서초,6
191,서울_성동,4
192,서울_성북,6
193,서울_송파,8
194,서울_양천,4
195,서울_영등포,6
196,서울_용산,5
197,서울_은평,4
198,서울_종로,18
199,서울_중구,11
200,서울_중랑,4
201,성남,11
202,수원,21
203,순천,3
204,시흥,2
205,아산,1
206,안동,0
207,안산,8
208,안양,5
209,양산,3
210,여수,0
211,용인,4
212,울산_남구,4
213,울산_동구,1
214,울산_북구,5
215,울산_울주군,1
216,울산_중구,1
217,원주,12
218,의정부,2
219,이천,3
220,익산,2
221,인천_강화군,0
222,인천_계양,3
223,인천_남동,40
224,인천_동구,3
225,인천_미추홀,9
226,인천_부평,25
227,인천_서구,23
228,인천_연수,3
229,인천_옹진군,0
230,인천_중구,75
231,전주,2
232,정읍,0
233,제주,6
234,제천,0
235,진주,1
236,창원,10
237,천안,11
238,청주,10
239,춘천,1
240,충주,2
241,파주,2
242,평택,11
243,포항,4
244,강릉,1052
245,거제,1429
246,경산,1056
247,경주,2738
248,고양,5549
249,광명,1516
250,광주_광산,2146
251,광주_남구,843
252,광주_동구,954
253,광주_북구,1984
254,광주_서구,2586
255,구리,1136
256,구미,3451
257,군산,2108
258,군포,1191
259,기타 도시,35666
260,김천,627
261,김해,4374
262,남양주,3085
263,논산,792
264,대구_남구,1125
265,대구_달서,3541
266,대구_달성군,821
267,대구_동구,2322
268,대구_북구,2328
269,대구_서구,1223
270,대구_수성,2695
271,대구_중구,1192
272,대전_대덕,1183
273,대전_동구,1852
274,대전_서구,2909
275,대전_유성,1734
276,대전_중구,1667
277,도시이외,15721
278,목포,1383
279,범죄분류,사기
280,부산_강서,985
281,부산_금정,1611
282,부산_기장군,962
283,부산_남구,2184
284,부산_동구,1268
285,부산_동래,1786
286,부산_부산진,3108
287,부산_북구,2185
288,부산_사상,2311
289,부산_사하,1837
290,부산_서구,977
291,부산_수영,821
292,부산_연제,2017
293,부산_영도,595
294,부산_중구,949
295,부산_해운대,2867
296,부천,6285
297,서산,1031
298,서울_강남,8364
299,서울_강동,1742
300,서울_강북,1879
301,서울_강서,2744
302,서울_관악,2698
303,서울_광진,1742
304,서울_구로,2231
305,서울_금천,1817
306,서울_노원,1724
307,서울_도봉,1241
308,서울_동대문,1857
309,서울_동작,1496
310,서울_마포,1922
311,서울_서대문,1526
312,서울_서초,4997
313,서울_성동,1695
314,서울_성북,1443
315,서울_송파,3460
316,서울_양천,1627
317,서울_영등포,3323
318,서울_용산,1503
319,서울_은평,2027
320,서울_종로,1920
321,서울_중구,2637
322,서울_중랑,1668
323,성남,5466
324,수원,8303
325,순천,1403
326,시흥,2742
327,아산,1453
328,안동,875
329,안산,4420
330,안양,2823
331,양산,1918
332,여수,1434
333,용인,4135
334,울산_남구,2632
335,울산_동구,876
336,울산_북구,775
337,울산_울주군,1231
338,울산_중구,1348
339,원주,2180
340,의정부,2612
341,이천,1299
342,익산,1509
343,인천_강화군,246
344,인천_계양,1548
345,인천_남동,2986
346,인천_동구,339
347,인천_미추홀,2765
348,인천_부평,2671
349,인천_서구,2987
350,인천_연수,1553
351,인천_옹진군,77
352,인천_중구,1369
353,전주,3576
354,정읍,501
355,제주,3242
356,제천,803
357,진주,1875
358,창원,6611
359,천안,4352
360,청주,5135
361,춘천,1382
362,충주,1179
363,파주,2726
364,평택,4130
365,포항,3065
366,강릉,189
367,거제,240
368,경산,279
369,경주,299
370,고양,1759
371,광명,309
372,광주_광산,496
373,광주_남구,142
374,광주_동구,240
375,광주_북구,500
376,광주_서구,366
377,구리,229
378,구미,276
379,군산,201
380,군포,214
381,기타 도시,5183
382,김천,106
383,김해,531
384,남양주,620
385,논산,98
386,대구_남구,195
387,대구_달서,558
388,대구_달성군,121
389,대구_동구,466
390,대구_북구,396
391,대구_서구,187
392,대구_수성,380
393,대구_중구,432
394,대전_대덕,165
395,대전_동구,202
396,대전_서구,445
397,대전_유성,210
398,대전_중구,255
399,도시이외,2128
400,목포,280
401,범죄분류,횡령
402,부산_강서,134
403,부산_금정,227
404,부산_기장군,165
405,부산_남구,248
406,부산_동구,177
407,부산_동래,288
408,부산_부산진,874
409,부산_북구,206
410,부산_사상,159
411,부산_사하,252
412,부산_서구,118
413,부산_수영,176
414,부산_연제,235
415,부산_영도,84
416,부산_중구,221
417,부산_해운대,417
418,부천,1180
419,서산,139
420,서울_강남,1696
421,서울_강동,459
422,서울_강북,389
423,서울_강서,745
424,서울_관악,841
425,서울_광진,667
426,서울_구로,666
427,서울_금천,382
428,서울_노원,572
429,서울_도봉,319
430,서울_동대문,669
431,서울_동작,581
432,서울_마포,961
433,서울_서대문,467
434,서울_서초,1190
435,서울_성동,499
436,서울_성북,361
437,서울_송파,1513
438,서울_양천,452
439,서울_영등포,931
440,서울_용산,611
441,서울_은평,473
442,서울_종로,687
443,서울_중구,718
444,서울_중랑,570
445,성남,1255
446,수원,1587
447,순천,290
448,시흥,589
449,아산,289
450,안동,121
451,안산,1006
452,안양,753
453,양산,221
454,여수,305
455,용인,868
456,울산_남구,357
457,울산_동구,96
458,울산_북구,87
459,울산_울주군,142
460,울산_중구,131
461,원주,278
462,의정부,714
463,이천,184
464,익산,194
465,인천_강화군,76
466,인천_계양,319
467,인천_남동,721
468,인천_동구,81
469,인천_미추홀,855
470,인천_부평,731
471,인천_서구,660
472,인천_연수,297
473,인천_옹진군,11
474,인천_중구,510
475,전주,523
476,정읍,66
477,제주,583
478,제천,94
479,진주,212
480,창원,864
481,천안,866
482,청주,712
483,춘천,195
484,충주,165
485,파주,491
486,평택,599
487,포항,305
488,강릉,20
489,거제,30
490,경산,16
491,경주,20
492,고양,80
493,광명,20
494,광주_광산,51
495,광주_남구,20
496,광주_동구,29
497,광주_북구,38
498,광주_서구,33
499,구리,13
500,구미,39
501,군산,22
502,군포,15
503,기타 도시,721
504,김천,11
505,김해,64
506,남양주,40
507,논산,9
508,대구_남구,7
509,대구_달서,45
510,대구_달성군,10
511,대구_동구,22
512,대구_북구,30
513,대구_서구,29
514,대구_수성,46
515,대구_중구,12
516,대전_대덕,9
517,대전_동구,9
518,대전_서구,36
519,대전_유성,41
520,대전_중구,17
521,도시이외,840
522,목포,17
523,범죄분류,배임
524,부산_강서,31
525,부산_금정,42
526,부산_기장군,18
527,부산_남구,40
528,부산_동구,16
529,부산_동래,33
530,부산_부산진,49
531,부산_북구,21
532,부산_사상,26
533,부산_사하,26
534,부산_서구,11
535,부산_수영,19
536,부산_연제,39
537,부산_영도,11
538,부산_중구,33
539,부산_해운대,61
540,부천,63
541,서산,17
542,서울_강남,239
543,서울_강동,45
544,서울_강북,19
545,서울_강서,48
546,서울_관악,26
547,서울_광진,25
548,서울_구로,52
549,서울_금천,36
550,서울_노원,26
551,서울_도봉,19
552,서울_동대문,34
553,서울_동작,36
554,서울_마포,57
555,서울_서대문,21
556,서울_서초,171
557,서울_성동,36
558,서울_성북,24
559,서울_송파,95
560,서울_양천,42
561,서울_영등포,88
562,서울_용산,36
563,서울_은평,28
564,서울_종로,47
565,서울_중구,77
566,서울_중랑,22
567,성남,87
568,수원,80
569,순천,25
570,시흥,29
571,아산,19
572,안동,10
573,안산,42
574,안양,43
575,양산,21
576,여수,41
577,용인,111
578,울산_남구,44
579,울산_동구,16
580,울산_북구,6
581,울산_울주군,31
582,울산_중구,13
583,원주,41
584,의정부,37
585,이천,15
586,익산,22
587,인천_강화군,8
588,인천_계양,11
589,인천_남동,38
590,인천_동구,9
591,인천_미추홀,43
592,인천_부평,42
593,인천_서구,43
594,인천_연수,23
595,인천_옹진군,6
596,인천_중구,18
597,전주,66
598,정읍,14
599,제주,78
600,제천,20
601,진주,33
602,창원,108
603,천안,96
604,청주,75
605,춘천,16
606,충주,13
607,파주,34
608,평택,60
609,포항,43
610,강릉,316
611,거제,226
612,경산,358
613,경주,277
614,고양,984
615,광명,325
616,광주_광산,355
617,광주_남구,232
618,광주_동구,189
619,광주_북구,380
620,광주_서구,357
621,구리,337
622,구미,516
623,군산,305
624,군포,229
625,기타 도시,5926
626,김천,154
627,김해,676
628,남양주,655
629,논산,146
630,대구_남구,243
631,대구_달서,587
632,대구_달성군,189
633,대구_동구,436
634,대구_북구,423
635,대구_서구,312
636,대구_수성,354
637,대구_중구,263
638,대전_대덕,220
639,대전_동구,253
640,대전_서구,559
641,대전_유성,237
642,대전_중구,211
643,도시이외,3184
644,목포,443
645,범죄분류,손괴
646,부산_강서,100
647,부산_금정,237
648,부산_기장군,126
649,부산_남구,336
650,부산_동구,182
651,부산_동래,285
652,부산_부산진,571
653,부산_북구,283
654,부산_사상,251
655,부산_사하,320
656,부산_서구,132
657,부산_수영,219
658,부산_연제,237
659,부산_영도,108
660,부산_중구,148
661,부산_해운대,290
662,부천,1178
663,서산,256
664,서울_강남,667
665,서울_강동,448
666,서울_강북,437
667,서울_강서,584
668,서울_관악,459
669,서울_광진,363
670,서울_구로,463
671,서울_금천,322
672,서울_노원,512
673,서울_도봉,275
674,서울_동대문,304
675,서울_동작,401
676,서울_마포,408
677,서울_서대문,361
678,서울_서초,468
679,서울_성동,284
680,서울_성북,284
681,서울_송파,648
682,서울_양천,362
683,서울_영등포,638
684,서울_용산,339
685,서울_은평,442
686,서울_종로,353
687,서울_중구,339
688,서울_중랑,543
689,성남,920
690,수원,1609
691,순천,331
692,시흥,815
693,아산,482
694,안동,165
695,안산,1103
696,안양,591
697,양산,284
698,여수,392
699,용인,900
700,울산_남구,438
701,울산_동구,224
702,울산_북구,163
703,울산_울주군,184
704,울산_중구,249
705,원주,440
706,의정부,639
707,이천,358
708,익산,339
709,인천_강화군,86
710,인천_계양,346
711,인천_남동,640
712,인천_동구,83
713,인천_미추홀,581
714,인천_부평,728
715,인천_서구,535
716,인천_연수,288
717,인천_옹진군,15
718,인천_중구,176
719,전주,411
720,정읍,82
721,제주,945
722,제천,145
723,진주,391
724,창원,1042
725,천안,857
726,청주,1091
727,춘천,311
728,충주,265
729,파주,451
730,평택,924
731,포항,629
732,강릉,3
733,거제,4
734,경산,3
735,경주,3
736,고양,11
737,광명,1
738,광주_광산,2
739,광주_남구,3
740,광주_동구,3
741,광주_북구,6
742,광주_서구,4
743,구리,1
744,구미,5
745,군산,7
746,군포,4
747,기타 도시,110
748,김천,2
749,김해,2
750,남양주,14
751,논산,7
752,대구_남구,4
753,대구_달서,10
754,대구_달성군,6
755,대구_동구,8
756,대구_북구,6
757,대구_서구,0
758,대구_수성,7
759,대구_중구,1
760,대전_대덕,0
761,대전_동구,3
762,대전_서구,4
763,대전_유성,6
764,대전_중구,5
765,도시이외,77
766,목포,6
767,범죄분류,살인
768,부산_강서,1
769,부산_금정,10
770,부산_기장군,1
771,부산_남구,5
772,부산_동구,0
773,부산_동래,4
774,부산_부산진,8
775,부산_북구,1
776,부산_사상,9
777,부산_사하,10
778,부산_서구,1
779,부산_수영,3
780,부산_연제,3
781,부산_영도,4
782,부산_중구,3
783,부산_해운대,3
784,부천,15
785,서산,1
786,서울_강남,9
787,서울_강동,6
788,서울_강북,6
789,서울_강서,8
790,서울_관악,12
791,서울_광진,4
792,서울_구로,10
793,서울_금천,6
794,서울_노원,4
795,서울_도봉,1
796,서울_동대문,7
797,서울_동작,5
798,서울_마포,2
799,서울_서대문,2
800,서울_서초,5
801,서울_성동,6
802,서울_성북,3
803,서울_송파,8
804,서울_양천,7
805,서울_영등포,10
806,서울_용산,3
807,서울_은평,3
808,서울_종로,4
809,서울_중구,5
810,서울_중랑,10
811,성남,4
812,수원,16
813,순천,4
814,시흥,3
815,아산,7
816,안동,5
817,안산,10
818,안양,6
819,양산,4
820,여수,3
821,용인,9
822,울산_남구,3
823,울산_동구,3
824,울산_북구,1
825,울산_울주군,4
826,울산_중구,8
827,원주,2
828,의정부,5
829,이천,2
830,익산,11
831,인천_강화군,2
832,인천_계양,5
833,인천_남동,11
834,인천_동구,1
835,인천_미추홀,10
836,인천_부평,6
837,인천_서구,6
838,인천_연수,8
839,인천_옹진군,0
840,인천_중구,2
841,전주,19
842,정읍,1
843,제주,17
844,제천,3
845,진주,4
846,창원,20
847,천안,14
848,청주,14
849,춘천,5
850,충주,5
851,파주,5
852,평택,8
853,포항,5
854,강릉,4
855,거제,2
856,경산,3
857,경주,5
858,고양,9
859,광명,5
860,광주_광산,4
861,광주_남구,1
862,광주_동구,4
863,광주_북구,16
864,광주_서구,4
865,구리,3
866,구미,4
867,군산,7
868,군포,2
869,기타 도시,91
870,김천,3
871,김해,9
872,남양주,7
873,논산,0
874,대구_남구,2
875,대구_달서,8
876,대구_달성군,2
877,대구_동구,5
878,대구_북구,3
879,대구_서구,7
880,대구_수성,4
881,대구_중구,4
882,대전_대덕,1
883,대전_동구,8
884,대전_서구,8
885,대전_유성,2
886,대전_중구,6
887,도시이외,37
888,목포,8
889,범죄분류,강도
890,부산_강서,0
891,부산_금정,12
892,부산_기장군,1
893,부산_남구,2
894,부산_동구,10
895,부산_동래,6
896,부산_부산진,16
897,부산_북구,3
898,부산_사상,4
899,부산_사하,4
900,부산_서구,4
901,부산_수영,4
902,부산_연제,3
903,부산_영도,5
904,부산_중구,4
905,부산_해운대,5
906,부천,12
907,서산,1
908,서울_강남,6
909,서울_강동,14
910,서울_강북,2
911,서울_강서,4
912,서울_관악,11
913,서울_광진,6
914,서울_구로,4
915,서울_금천,12
916,서울_노원,3
917,서울_도봉,6
918,서울_동대문,12
919,서울_동작,1
920,서울_마포,2
921,서울_서대문,5
922,서울_서초,5
923,서울_성동,9
924,서울_성북,3
925,서울_송파,9
926,서울_양천,5
927,서울_영등포,5
928,서울_용산,6
929,서울_은평,1
930,서울_종로,8
931,서울_중구,6
932,서울_중랑,4
933,성남,14
934,수원,22
935,순천,1
936,시흥,15
937,아산,12
938,안동,1
939,안산,15
940,안양,7
941,양산,6
942,여수,3
943,용인,7
944,울산_남구,14
945,울산_동구,2
946,울산_북구,2
947,울산_울주군,2
948,울산_중구,7
949,원주,8
950,의정부,4
951,이천,1
952,익산,2
953,인천_강화군,0
954,인천_계양,5
955,인천_남동,12
956,인천_동구,0
957,인천_미추홀,10
958,인천_부평,15
959,인천_서구,5
960,인천_연수,7
961,인천_옹진군,0
962,인천_중구,6
963,전주,12
964,정읍,1
965,제주,14
966,제천,6
967,진주,3
968,창원,10
969,천안,13
970,청주,22
971,춘천,4
972,충주,2
973,파주,4
974,평택,12
975,포항,4
976,강릉,11
977,거제,2
978,경산,7
979,경주,8
980,고양,26
981,광명,5
982,광주_광산,5
983,광주_남구,5
984,광주_동구,6
985,광주_북구,15
986,광주_서구,11
987,구리,8
988,구미,14
989,군산,11
990,군포,4
991,기타 도시,127
992,김천,4
993,김해,7
994,남양주,15
995,논산,8
996,대구_남구,10
997,대구_달서,9
998,대구_달성군,7
999,대구_동구,11
1000,대구_북구,8
1001,대구_서구,6
1002,대구_수성,9
1003,대구_중구,2
1004,대전_대덕,5
1005,대전_동구,9
1006,대전_서구,14
1007,대전_유성,7
1008,대전_중구,13
1009,도시이외,125
1010,목포,13
1011,범죄분류,방화
1012,부산_강서,2
1013,부산_금정,4
1014,부산_기장군,4
1015,부산_남구,7
1016,부산_동구,5
1017,부산_동래,8
1018,부산_부산진,15
1019,부산_북구,5
1020,부산_사상,13
1021,부산_사하,7
1022,부산_서구,2
1023,부산_수영,3
1024,부산_연제,5
1025,부산_영도,6
1026,부산_중구,4
1027,부산_해운대,7
1028,부천,16
1029,서산,8
1030,서울_강남,8
1031,서울_강동,13
1032,서울_강북,4
1033,서울_강서,24
1034,서울_관악,18
1035,서울_광진,7
1036,서울_구로,8
1037,서울_금천,9
1038,서울_노원,8
1039,서울_도봉,7
1040,서울_동대문,7
1041,서울_동작,11
1042,서울_마포,5
1043,서울_서대문,9
1044,서울_서초,9
1045,서울_성동,2
1046,서울_성북,10
1047,서울_송파,14
1048,서울_양천,7
1049,서울_영등포,16
1050,서울_용산,9
1051,서울_은평,13
1052,서울_종로,8
1053,서울_중구,10
1054,서울_중랑,15
1055,성남,16
1056,수원,23
1057,순천,6
1058,시흥,11
1059,아산,9
1060,안동,7
1061,안산,21
1062,안양,12
1063,양산,9
1064,여수,8
1065,용인,11
1066,울산_남구,5
1067,울산_동구,0
1068,울산_북구,3
1069,울산_울주군,7
1070,울산_중구,4
1071,원주,5
1072,의정부,17
1073,이천,6
1074,익산,6
1075,인천_강화군,1
1076,인천_계양,9
1077,인천_남동,13
1078,인천_동구,3
1079,인천_미추홀,11
1080,인천_부평,16
1081,인천_서구,10
1082,인천_연수,6
1083,인천_옹진군,0
1084,인천_중구,3
1085,전주,11
1086,정읍,5
1087,제주,19
1088,제천,9
1089,진주,4
1090,창원,19
1091,천안,17
1092,청주,22
1093,춘천,8
1094,충주,10
1095,파주,9
1096,평택,24
1097,포항,11
1098,강릉,124
1099,거제,111
1100,경산,149
1101,경주,119
1102,고양,481
1103,광명,167
1104,광주_광산,181
1105,광주_남구,79
1106,광주_동구,96
1107,광주_북구,241
1108,광주_서구,244
1109,구리,127
1110,구미,207
1111,군산,157
1112,군포,131
1113,기타 도시,2596
1114,김천,61
1115,김해,217
1116,남양주,271
1117,논산,42
1118,대구_남구,89
1119,대구_달서,276
1120,대구_달성군,92
1121,대구_동구,206
1122,대구_북구,183
1123,대구_서구,81
1124,대구_수성,157
1125,대구_중구,207
1126,대전_대덕,69
1127,대전_동구,132
1128,대전_서구,393
1129,대전_유성,188
1130,대전_중구,203
1131,도시이외,1507
1132,목포,183
1133,범죄분류,성폭력
1134,부산_강서,60
1135,부산_금정,117
1136,부산_기장군,59
1137,부산_남구,124
1138,부산_동구,74
1139,부산_동래,119
1140,부산_부산진,430
1141,부산_북구,117
1142,부산_사상,130
1143,부산_사하,155
1144,부산_서구,51
1145,부산_수영,95
1146,부산_연제,132
1147,부산_영도,39
1148,부산_중구,82
1149,부산_해운대,252
1150,부천,579
1151,서산,77
1152,서울_강남,1257
1153,서울_강동,247
1154,서울_강북,227
1155,서울_강서,406
1156,서울_관악,538
1157,서울_광진,398
1158,서울_구로,341
1159,서울_금천,194
1160,서울_노원,257
1161,서울_도봉,122
1162,서울_동대문,223
1163,서울_동작,350
1164,서울_마포,664
1165,서울_서대문,252
1166,서울_서초,766
1167,서울_성동,188
1168,서울_성북,243
1169,서울_송파,428
1170,서울_양천,180
1171,서울_영등포,489
1172,서울_용산,344
1173,서울_은평,266
1174,서울_종로,350
1175,서울_중구,293
1176,서울_중랑,183
1177,성남,608
1178,수원,872
1179,순천,147
1180,시흥,301
1181,아산,143
1182,안동,67
1183,안산,505
1184,안양,322
1185,양산,112
1186,여수,114
1187,용인,410
1188,울산_남구,226
1189,울산_동구,81
1190,울산_북구,70
1191,울산_울주군,85
1192,울산_중구,98
1193,원주,231
1194,의정부,286
1195,이천,137
1196,익산,122
1197,인천_강화군,31
1198,인천_계양,163
1199,인천_남동,405
1200,인천_동구,25
1201,인천_미추홀,334
1202,인천_부평,485
1203,인천_서구,324
1204,인천_연수,174
1205,인천_옹진군,9
1206,인천_중구,144
1207,전주,407
1208,정읍,61
1209,제주,387
1210,제천,66
1211,진주,153
1212,창원,484
1213,천안,399
1214,청주,472
1215,춘천,147
1216,충주,98
1217,파주,193
1218,평택,262
1219,포항,204
1220,강릉,661
1221,거제,797
1222,경산,983
1223,경주,838
1224,고양,2269
1225,광명,1028
1226,광주_광산,1060
1227,광주_남구,608
1228,광주_동구,602
1229,광주_북구,1429
1230,광주_서구,1161
1231,구리,833
1232,구미,1368
1233,군산,1027
1234,군포,661
1235,기타 도시,14421
1236,김천,366
1237,김해,2409
1238,남양주,1282
1239,논산,464
1240,대구_남구,540
1241,대구_달서,1720
1242,대구_달성군,685
1243,대구_동구,1311
1244,대구_북구,1161
1245,대구_서구,669
1246,대구_수성,977
1247,대구_중구,1140
1248,대전_대덕,651
1249,대전_동구,1010
1250,대전_서구,1755
1251,대전_유성,1111
1252,대전_중구,1030
1253,도시이외,8523
1254,목포,996
1255,범죄분류,절도
1256,부산_강서,484
1257,부산_금정,943
1258,부산_기장군,408
1259,부산_남구,824
1260,부산_동구,592
1261,부산_동래,1050
1262,부산_부산진,2357
1263,부산_북구,792
1264,부산_사상,998
1265,부산_사하,1042
1266,부산_서구,720
1267,부산_수영,791
1268,부산_연제,799
1269,부산_영도,327
1270,부산_중구,939
1271,부산_해운대,1347
1272,부천,3721
1273,서산,599
1274,서울_강남,3022
1275,서울_강동,1516
1276,서울_강북,1116
1277,서울_강서,1729
1278,서울_관악,2171
1279,서울_광진,1767
1280,서울_구로,1724
1281,서울_금천,1020
1282,서울_노원,1414
1283,서울_도봉,785
1284,서울_동대문,1453
1285,서울_동작,1153
1286,서울_마포,2023
1287,서울_서대문,1061
1288,서울_서초,1866
1289,서울_성동,998
1290,서울_성북,1162
1291,서울_송파,2356
1292,서울_양천,1384
1293,서울_영등포,2287
1294,서울_용산,1133
1295,서울_은평,1275
1296,서울_종로,1488
1297,서울_중구,1858
1298,서울_중랑,1527
1299,성남,3130
1300,수원,5398
1301,순천,745
1302,시흥,1714
1303,아산,1166
1304,안동,409
1305,안산,3029
1306,안양,1669
1307,양산,985
1308,여수,810
1309,용인,2204
1310,울산_남구,1036
1311,울산_동구,549
1312,울산_북구,449
1313,울산_울주군,569
1314,울산_중구,746
1315,원주,1068
1316,의정부,1725
1317,이천,782
1318,익산,982
1319,인천_강화군,133
1320,인천_계양,755
1321,인천_남동,1638
1322,인천_동구,138
1323,인천_미추홀,1527
1324,인천_부평,2421
1325,인천_서구,1376
1326,인천_연수,841
1327,인천_옹진군,29
1328,인천_중구,626
1329,전주,2227
1330,정읍,314
1331,제주,2133
1332,제천,314
1333,진주,1726
1334,창원,3386
1335,천안,3267
1336,청주,3340
1337,춘천,881
1338,충주,771
1339,파주,1115
1340,평택,2064
1341,포항,1704
1342,강릉,1
1343,거제,1
1344,경산,1
1345,경주,1
1346,고양,9
1347,광명,3
1348,광주_광산,4
1349,광주_남구,3
1350,광주_동구,5
1351,광주_북구,9
1352,광주_서구,6
1353,구리,0
1354,구미,1
1355,군산,1
1356,군포,4
1357,기타 도시,45
1358,김천,2
1359,김해,9
1360,남양주,1
1361,논산,0
1362,대구_남구,2
1363,대구_달서,11
1364,대구_달성군,3
1365,대구_동구,6
1366,대구_북구,6
1367,대구_서구,9
1368,대구_수성,1
1369,대구_중구,6
1370,대전_대덕,0
1371,대전_동구,8
1372,대전_서구,12
1373,대전_유성,5
1374,대전_중구,2
1375,도시이외,12
1376,목포,3
1377,범죄분류,장물
1378,부산_강서,9
1379,부산_금정,10
1380,부산_기장군,4
1381,부산_남구,18
1382,부산_동구,19
1383,부산_동래,14
1384,부산_부산진,47
1385,부산_북구,28
1386,부산_사상,28
1387,부산_사하,26
1388,부산_서구,2
1389,부산_수영,14
1390,부산_연제,11
1391,부산_영도,5
1392,부산_중구,36
1393,부산_해운대,22
1394,부천,19
1395,서산,2
1396,서울_강남,16
1397,서울_강동,4
1398,서울_강북,3
1399,서울_강서,3
1400,서울_관악,10
1401,서울_광진,10
1402,서울_구로,7
1403,서울_금천,10
1404,서울_노원,7
1405,서울_도봉,17
1406,서울_동대문,5
1407,서울_동작,5
1408,서울_마포,16
1409,서울_서대문,5
1410,서울_서초,6
1411,서울_성동,2
1412,서울_성북,5
1413,서울_송파,7
1414,서울_양천,4
1415,서울_영등포,7
1416,서울_용산,8
1417,서울_은평,5
1418,서울_종로,12
1419,서울_중구,11
1420,서울_중랑,7
1421,성남,19
1422,수원,26
1423,순천,0
1424,시흥,7
1425,아산,0
1426,안동,0
1427,안산,14
1428,안양,9
1429,양산,2
1430,여수,3
1431,용인,4
1432,울산_남구,7
1433,울산_동구,1
1434,울산_북구,3
1435,울산_울주군,0
1436,울산_중구,2
1437,원주,3
1438,의정부,7
1439,이천,4
1440,익산,4
1441,인천_강화군,0
1442,인천_계양,4
1443,인천_남동,7
1444,인천_동구,0
1445,인천_미추홀,9
1446,인천_부평,7
1447,인천_서구,13
1448,인천_연수,2
1449,인천_옹진군,0
1450,인천_중구,23
1451,전주,5
1452,정읍,2
1453,제주,3
1454,제천,0
1455,진주,22
1456,창원,10
1457,천안,9
1458,청주,8
1459,춘천,1
1460,충주,2
1461,파주,7
1462,평택,11
1463,포항,7
1464,강릉,924
1465,거제,1340
1466,경산,877
1467,경주,1994
1468,고양,4877
1469,광명,1327
1470,광주_광산,1970
1471,광주_남구,753
1472,광주_동구,802
1473,광주_북구,1935
1474,광주_서구,2189
1475,구리,907
1476,구미,2845
1477,군산,2181
1478,군포,1049
1479,기타 도시,29401
1480,김천,581
1481,김해,3238
1482,남양주,2090
1483,논산,770
1484,대구_남구,947
1485,대구_달서,2687
1486,대구_달성군,680
1487,대구_동구,1639
1488,대구_북구,1818
1489,대구_서구,1060
1490,대구_수성,2195
1491,대구_중구,1265
1492,대전_대덕,977
1493,대전_동구,1401
1494,대전_서구,2706
1495,대전_유성,1438
1496,대전_중구,1564
1497,도시이외,14254
1498,목포,1780
1499,범죄분류,사기
1500,부산_강서,903
1501,부산_금정,1633
1502,부산_기장군,741
1503,부산_남구,2051
1504,부산_동구,1338
1505,부산_동래,1288
1506,부산_부산진,2731
1507,부산_북구,1575
1508,부산_사상,1729
1509,부산_사하,1641
1510,부산_서구,586
1511,부산_수영,828
1512,부산_연제,1619
1513,부산_영도,586
1514,부산_중구,1385
1515,부산_해운대,2366
1516,부천,5726
1517,서산,880
1518,서울_강남,8317
1519,서울_강동,1726
1520,서울_강북,1591
1521,서울_강서,2494
1522,서울_관악,2536
1523,서울_광진,1703
1524,서울_구로,2141
1525,서울_금천,1417
1526,서울_노원,1888
1527,서울_도봉,1149
1528,서울_동대문,1665
1529,서울_동작,1488
1530,서울_마포,2111
1531,서울_서대문,1548
1532,서울_서초,4882
1533,서울_성동,1493
1534,서울_성북,1380
1535,서울_송파,2919
1536,서울_양천,1435
1537,서울_영등포,3334
1538,서울_용산,1535
1539,서울_은평,1669
1540,서울_종로,1761
1541,서울_중구,2206
1542,서울_중랑,1497
1543,성남,4222
1544,수원,6929
1545,순천,1883
1546,시흥,2614
1547,아산,1484
1548,안동,829
1549,안산,3970
1550,안양,2663
1551,양산,1862
1552,여수,1218
1553,용인,3278
1554,울산_남구,2307
1555,울산_동구,858
1556,울산_북구,700
1557,울산_울주군,1156
1558,울산_중구,1255
1559,원주,1870
1560,의정부,2309
1561,이천,977
1562,익산,1515
1563,인천_강화군,228
1564,인천_계양,1547
1565,인천_남동,3146
1566,인천_동구,261
1567,인천_미추홀,2373
1568,인천_부평,2464
1569,인천_서구,2618
1570,인천_연수,1434
1571,인천_옹진군,84
1572,인천_중구,1260
1573,전주,3219
1574,정읍,486
1575,제주,3378
1576,제천,680
1577,진주,1746
1578,창원,5736
1579,천안,4149
1580,청주,4579
1581,춘천,1231
1582,충주,963
1583,파주,2312
1584,평택,3822
1585,포항,2999
1586,강릉,137
1587,거제,305
1588,경산,173
1589,경주,231
1590,고양,1495
1591,광명,370
1592,광주_광산,406
1593,광주_남구,135
1594,광주_동구,290
1595,광주_북구,386
1596,광주_서구,313
1597,구리,243
1598,구미,268
1599,군산,208
1600,군포,250
1601,기타 도시,4678
1602,김천,71
1603,김해,484
1604,남양주,552
1605,논산,95
1606,대구_남구,196
1607,대구_달서,476
1608,대구_달성군,106
1609,대구_동구,418
1610,대구_북구,337
1611,대구_서구,150
1612,대구_수성,311
1613,대구_중구,288
1614,대전_대덕,117
1615,대전_동구,241
1616,대전_서구,446
1617,대전_유성,270
1618,대전_중구,314
1619,도시이외,2055
1620,목포,253
1621,범죄분류,횡령
1622,부산_강서,171
1623,부산_금정,221
1624,부산_기장군,194
1625,부산_남구,182
1626,부산_동구,147
1627,부산_동래,209
1628,부산_부산진,773
1629,부산_북구,167
1630,부산_사상,216
1631,부산_사하,233
1632,부산_서구,56
1633,부산_수영,143
1634,부산_연제,241
1635,부산_영도,83
1636,부산_중구,188
1637,부산_해운대,470
1638,부천,1298
1639,서산,133
1640,서울_강남,1681
1641,서울_강동,454
1642,서울_강북,401
1643,서울_강서,642
1644,서울_관악,685
1645,서울_광진,549
1646,서울_구로,613
1647,서울_금천,386
1648,서울_노원,499
1649,서울_도봉,314
1650,서울_동대문,482
1651,서울_동작,526
1652,서울_마포,918
1653,서울_서대문,494
1654,서울_서초,1051
1655,서울_성동,441
1656,서울_성북,443
1657,서울_송파,1539
1658,서울_양천,459
1659,서울_영등포,895
1660,서울_용산,693
1661,서울_은평,401
1662,서울_종로,664
1663,서울_중구,709
1664,서울_중랑,530
1665,성남,1092
1666,수원,1599
1667,순천,952
1668,시흥,514
1669,아산,277
1670,안동,102
1671,안산,980
1672,안양,851
1673,양산,220
1674,여수,245
1675,용인,882
1676,울산_남구,335
1677,울산_동구,116
1678,울산_북구,86
1679,울산_울주군,158
1680,울산_중구,123
1681,원주,267
1682,의정부,680
1683,이천,218
1684,익산,159
1685,인천_강화군,64
1686,인천_계양,240
1687,인천_남동,544
1688,인천_동구,55
1689,인천_미추홀,595
1690,인천_부평,687
1691,인천_서구,582
1692,인천_연수,257
1693,인천_옹진군,8
1694,인천_중구,406
1695,전주,455
1696,정읍,49
1697,제주,531
1698,제천,94
1699,진주,163
1700,창원,783
1701,천안,750
1702,청주,755
1703,춘천,214
1704,충주,142
1705,파주,395
1706,평택,604
1707,포항,281
1708,강릉,12
1709,거제,39
1710,경산,8
1711,경주,40
1712,고양,71
1713,광명,7
1714,광주_광산,18
1715,광주_남구,15
1716,광주_동구,30
1717,광주_북구,37
1718,광주_서구,35
1719,구리,13
1720,구미,34
1721,군산,26
1722,군포,21
1723,기타 도시,718
1724,김천,14
1725,김해,68
1726,남양주,42
1727,논산,14
1728,대구_남구,7
1729,대구_달서,40
1730,대구_달성군,9
1731,대구_동구,25
1732,대구_북구,19
1733,대구_서구,15
1734,대구_수성,48
1735,대구_중구,6
1736,대전_대덕,9
1737,대전_동구,8
1738,대전_서구,40
1739,대전_유성,24
1740,대전_중구,14
1741,도시이외,370
1742,목포,26
1743,범죄분류,배임
1744,부산_강서,14
1745,부산_금정,20
1746,부산_기장군,17
1747,부산_남구,29
1748,부산_동구,23
1749,부산_동래,26
1750,부산_부산진,41
1751,부산_북구,14
1752,부산_사상,25
1753,부산_사하,34
1754,부산_서구,14
1755,부산_수영,6
1756,부산_연제,28
1757,부산_영도,11
1758,부산_중구,9
1759,부산_해운대,54
1760,부천,53
1761,서산,23
1762,서울_강남,283
1763,서울_강동,43
1764,서울_강북,23
1765,서울_강서,51
1766,서울_관악,27
1767,서울_광진,30
1768,서울_구로,45
1769,서울_금천,40
1770,서울_노원,25
1771,서울_도봉,24
1772,서울_동대문,35
1773,서울_동작,22
1774,서울_마포,52
1775,서울_서대문,44
1776,서울_서초,142
1777,서울_성동,32
1778,서울_성북,26
1779,서울_송파,122
1780,서울_양천,25
1781,서울_영등포,90
1782,서울_용산,40
1783,서울_은평,24
1784,서울_종로,61
1785,서울_중구,75
1786,서울_중랑,18
1787,성남,87
1788,수원,81
1789,순천,22
1790,시흥,33
1791,아산,32
1792,안동,10
1793,안산,80
1794,안양,50
1795,양산,33
1796,여수,415
1797,용인,84
1798,울산_남구,50
1799,울산_동구,6
1800,울산_북구,9
1801,울산_울주군,28
1802,울산_중구,5
1803,원주,28
1804,의정부,29
1805,이천,22
1806,익산,28
1807,인천_강화군,13
1808,인천_계양,19
1809,인천_남동,35
1810,인천_동구,7
1811,인천_미추홀,41
1812,인천_부평,29
1813,인천_서구,52
1814,인천_연수,29
1815,인천_옹진군,2
1816,인천_중구,35
1817,전주,71
1818,정읍,8
1819,제주,62
1820,제천,22
1821,진주,22
1822,창원,80
1823,천안,58
1824,청주,93
1825,춘천,24
1826,충주,11
1827,파주,48
1828,평택,84
1829,포항,49
1830,강릉,338
1831,거제,204
1832,경산,337
1833,경주,263
1834,고양,905
1835,광명,301
1836,광주_광산,365
1837,광주_남구,199
1838,광주_동구,170
1839,광주_북구,379
1840,광주_서구,314
1841,구리,281
1842,구미,406
1843,군산,321
1844,군포,252
1845,기타 도시,5706
1846,김천,165
1847,김해,567
1848,남양주,622
1849,논산,122
1850,대구_남구,260
1851,대구_달서,549
1852,대구_달성군,158
1853,대구_동구,416
1854,대구_북구,378
1855,대구_서구,352
1856,대구_수성,393
1857,대구_중구,206
1858,대전_대덕,215
1859,대전_동구,261
1860,대전_서구,523
1861,대전_유성,235
1862,대전_중구,266
1863,도시이외,2887
1864,목포,386
1865,범죄분류,손괴
1866,부산_강서,85
1867,부산_금정,220
1868,부산_기장군,149
1869,부산_남구,278
1870,부산_동구,109
1871,부산_동래,249
1872,부산_부산진,479
1873,부산_북구,258
1874,부산_사상,228
1875,부산_사하,350
1876,부산_서구,123
1877,부산_수영,225
1878,부산_연제,222
1879,부산_영도,118
1880,부산_중구,118
1881,부산_해운대,330
1882,부천,1184
1883,서산,267
1884,서울_강남,731
1885,서울_강동,505
1886,서울_강북,285
1887,서울_강서,584
1888,서울_관악,543
1889,서울_광진,432
1890,서울_구로,514
1891,서울_금천,293
1892,서울_노원,539
1893,서울_도봉,323
1894,서울_동대문,277
1895,서울_동작,313
1896,서울_마포,558
1897,서울_서대문,353
1898,서울_서초,463
1899,서울_성동,240
1900,서울_성북,328
1901,서울_송파,574
1902,서울_양천,438
1903,서울_영등포,618
1904,서울_용산,357
1905,서울_은평,447
1906,서울_종로,327
1907,서울_중구,306
1908,서울_중랑,553
1909,성남,1006
1910,수원,1761
1911,순천,307
1912,시흥,685
1913,아산,356
1914,안동,157
1915,안산,1039
1916,안양,656
1917,양산,250
1918,여수,373
1919,용인,727
1920,울산_남구,407
1921,울산_동구,235
1922,울산_북구,139
1923,울산_울주군,206
1924,울산_중구,277
1925,원주,487
1926,의정부,599
1927,이천,318
1928,익산,338
1929,인천_강화군,91
1930,인천_계양,341
1931,인천_남동,682
1932,인천_동구,71
1933,인천_미추홀,663
1934,인천_부평,696
1935,인천_서구,589
1936,인천_연수,261
1937,인천_옹진군,12
1938,인천_중구,169
1939,전주,448
1940,정읍,91
1941,제주,864
1942,제천,146
1943,진주,312
1944,창원,970
1945,천안,937
1946,청주,1154
1947,춘천,332
1948,충주,249
1949,파주,504
1950,평택,907
1951,포항,581
1952,강릉,2
1953,거제,5
1954,경산,3
1955,경주,5
1956,고양,13
1957,광명,2
1958,광주_광산,7
1959,광주_남구,4
1960,광주_동구,0
1961,광주_북구,7
1962,광주_서구,4
1963,구리,4
1964,구미,6
1965,군산,5
1966,군포,3
1967,기타 도시,106
1968,김천,1
1969,김해,11
1970,남양주,8
1971,논산,5
1972,대구_남구,4
1973,대구_달서,7
1974,대구_달성군,2
1975,대구_동구,11
1976,대구_북구,3
1977,대구_서구,3
1978,대구_수성,2
1979,대구_중구,1
1980,대전_대덕,1
1981,대전_동구,0
1982,대전_서구,5
1983,대전_유성,3
1984,대전_중구,6
1985,도시이외,73
1986,목포,4
1987,범죄분류,살인
1988,부산_강서,2
1989,부산_금정,4
1990,부산_기장군,3
1991,부산_남구,3
1992,부산_동구,0
1993,부산_동래,3
1994,부산_부산진,1
1995,부산_북구,6
1996,부산_사상,6
1997,부산_사하,4
1998,부산_서구,3
1999,부산_수영,5
2000,부산_연제,5
2001,부산_영도,5
2002,부산_중구,1
2003,부산_해운대,3
2004,부천,13
2005,서산,1
2006,서울_강남,12
2007,서울_강동,3
2008,서울_강북,8
2009,서울_강서,11
2010,서울_관악,10
2011,서울_광진,7
2012,서울_구로,8
2013,서울_금천,5
2014,서울_노원,5
2015,서울_도봉,1
2016,서울_동대문,5
2017,서울_동작,2
2018,서울_마포,6
2019,서울_서대문,5
2020,서울_서초,5
2021,서울_성동,2
2022,서울_성북,8
2023,서울_송파,5
2024,서울_양천,2
2025,서울_영등포,20
2026,서울_용산,1
2027,서울_은평,8
2028,서울_종로,7
2029,서울_중구,2
2030,서울_중랑,4
2031,성남,17
2032,수원,16
2033,순천,4
2034,시흥,9
2035,아산,9
2036,안동,0
2037,안산,14
2038,안양,6
2039,양산,5
2040,여수,9
2041,용인,12
2042,울산_남구,5
2043,울산_동구,3
2044,울산_북구,2
2045,울산_울주군,0
2046,울산_중구,1
2047,원주,3
2048,의정부,9
2049,이천,2
2050,익산,5
2051,인천_강화군,1
2052,인천_계양,3
2053,인천_남동,9
2054,인천_동구,1
2055,인천_미추홀,6
2056,인천_부평,11
2057,인천_서구,9
2058,인천_연수,2
2059,인천_옹진군,0
2060,인천_중구,2
2061,전주,16
2062,정읍,3
2063,제주,11
2064,제천,3
2065,진주,6
2066,창원,22
2067,천안,8
2068,청주,22
2069,춘천,3
2070,충주,2
2071,파주,9
2072,평택,9
2073,포항,14
2074,강릉,3
2075,거제,3
2076,경산,4
2077,경주,7
2078,고양,7
2079,광명,7
2080,광주_광산,9
2081,광주_남구,1
2082,광주_동구,2
2083,광주_북구,12
2084,광주_서구,3
2085,구리,5
2086,구미,7
2087,군산,3
2088,군포,1
2089,기타 도시,83
2090,김천,4
2091,김해,10
2092,남양주,3
2093,논산,1
2094,대구_남구,5
2095,대구_달서,14
2096,대구_달성군,1
2097,대구_동구,11
2098,대구_북구,3
2099,대구_서구,3
2100,대구_수성,8
2101,대구_중구,3
2102,대전_대덕,6
2103,대전_동구,10
2104,대전_서구,14
2105,대전_유성,6
2106,대전_중구,15
2107,도시이외,35
2108,목포,10
2109,범죄분류,강도
2110,부산_강서,1
2111,부산_금정,8
2112,부산_기장군,2
2113,부산_남구,5
2114,부산_동구,4
2115,부산_동래,6
2116,부산_부산진,17
2117,부산_북구,3
2118,부산_사상,8
2119,부산_사하,8
2120,부산_서구,6
2121,부산_수영,5
2122,부산_연제,7
2123,부산_영도,2
2124,부산_중구,2
2125,부산_해운대,3
2126,부천,20
2127,서산,0
2128,서울_강남,14
2129,서울_강동,6
2130,서울_강북,7
2131,서울_강서,6
2132,서울_관악,12
2133,서울_광진,3
2134,서울_구로,9
2135,서울_금천,5
2136,서울_노원,5
2137,서울_도봉,4
2138,서울_동대문,5
2139,서울_동작,7
2140,서울_마포,6
2141,서울_서대문,3
2142,서울_서초,5
2143,서울_성동,3
2144,서울_성북,1
2145,서울_송파,6
2146,서울_양천,4
2147,서울_영등포,8
2148,서울_용산,3
2149,서울_은평,1
2150,서울_종로,3
2151,서울_중구,11
2152,서울_중랑,3
2153,성남,16
2154,수원,20
2155,순천,2
2156,시흥,10
2157,아산,7
2158,안동,1
2159,안산,10
2160,안양,3
2161,양산,4
2162,여수,4
2163,용인,1
2164,울산_남구,10
2165,울산_동구,4
2166,울산_북구,2
2167,울산_울주군,6
2168,울산_중구,4
2169,원주,2
2170,의정부,10
2171,이천,0
2172,익산,6
2173,인천_강화군,0
2174,인천_계양,3
2175,인천_남동,0
2176,인천_동구,0
2177,인천_미추홀,8
2178,인천_부평,12
2179,인천_서구,7
2180,인천_연수,3
2181,인천_옹진군,0
2182,인천_중구,4
2183,전주,11
2184,정읍,0
2185,제주,9
2186,제천,4
2187,진주,5
2188,창원,19
2189,천안,19
2190,청주,18
2191,춘천,4
2192,충주,2
2193,파주,5
2194,평택,14
2195,포항,6
2196,강릉,7
2197,거제,8
2198,경산,10
2199,경주,7
2200,고양,24
2201,광명,6
2202,광주_광산,6
2203,광주_남구,2
2204,광주_동구,7
2205,광주_북구,10
2206,광주_서구,4
2207,구리,0
2208,구미,7
2209,군산,14
2210,군포,3
2211,기타 도시,153
2212,김천,7
2213,김해,16
2214,남양주,21
2215,논산,9
2216,대구_남구,3
2217,대구_달서,22
2218,대구_달성군,6
2219,대구_동구,12
2220,대구_북구,10
2221,대구_서구,9
2222,대구_수성,5
2223,대구_중구,2
2224,대전_대덕,7
2225,대전_동구,13
2226,대전_서구,10
2227,대전_유성,3
2228,대전_중구,10
2229,도시이외,124
2230,목포,6
2231,범죄분류,방화
2232,부산_강서,0
2233,부산_금정,12
2234,부산_기장군,4
2235,부산_남구,10
2236,부산_동구,8
2237,부산_동래,7
2238,부산_부산진,12
2239,부산_북구,11
2240,부산_사상,11
2241,부산_사하,10
2242,부산_서구,4
2243,부산_수영,2
2244,부산_연제,6
2245,부산_영도,0
2246,부산_중구,5
2247,부산_해운대,6
2248,부천,26
2249,서산,6
2250,서울_강남,11
2251,서울_강동,12
2252,서울_강북,10
2253,서울_강서,18
2254,서울_관악,19
2255,서울_광진,6
2256,서울_구로,15
2257,서울_금천,8
2258,서울_노원,12
2259,서울_도봉,7
2260,서울_동대문,12
2261,서울_동작,11
2262,서울_마포,5
2263,서울_서대문,10
2264,서울_서초,10
2265,서울_성동,7
2266,서울_성북,10
2267,서울_송파,11
2268,서울_양천,14
2269,서울_영등포,17
2270,서울_용산,12
2271,서울_은평,23
2272,서울_종로,9
2273,서울_중구,15
2274,서울_중랑,8
2275,성남,17
2276,수원,34
2277,순천,7
2278,시흥,13
2279,아산,11
2280,안동,1
2281,안산,21
2282,안양,14
2283,양산,9
2284,여수,8
2285,용인,23
2286,울산_남구,7
2287,울산_동구,4
2288,울산_북구,5
2289,울산_울주군,9
2290,울산_중구,4
2291,원주,9
2292,의정부,19
2293,이천,8
2294,익산,10
2295,인천_강화군,1
2296,인천_계양,11
2297,인천_남동,16
2298,인천_동구,1
2299,인천_미추홀,12
2300,인천_부평,12
2301,인천_서구,16
2302,인천_연수,4
2303,인천_옹진군,0
2304,인천_중구,4
2305,전주,12
2306,정읍,2
2307,제주,13
2308,제천,8
2309,진주,7
2310,창원,23
2311,천안,26
2312,청주,29
2313,춘천,6
2314,충주,4
2315,파주,11
2316,평택,26
2317,포항,6
2318,강릉,147
2319,거제,136
2320,경산,132
2321,경주,104
2322,고양,524
2323,광명,164
2324,광주_광산,182
2325,광주_남구,82
2326,광주_동구,93
2327,광주_북구,262
2328,광주_서구,248
2329,구리,128
2330,구미,180
2331,군산,110
2332,군포,123
2333,기타 도시,2427
2334,김천,55
2335,김해,220
2336,남양주,252
2337,논산,57
2338,대구_남구,74
2339,대구_달서,305
2340,대구_달성군,77
2341,대구_동구,178
2342,대구_북구,186
2343,대구_서구,80
2344,대구_수성,163
2345,대구_중구,215
2346,대전_대덕,99
2347,대전_동구,189
2348,대전_서구,440
2349,대전_유성,187
2350,대전_중구,195
2351,도시이외,1629
2352,목포,170
2353,범죄분류,성폭력
2354,부산_강서,60
2355,부산_금정,121
2356,부산_기장군,53
2357,부산_남구,149
2358,부산_동구,72
2359,부산_동래,115
2360,부산_부산진,373
2361,부산_북구,90
2362,부산_사상,149
2363,부산_사하,141
2364,부산_서구,42
2365,부산_수영,121
2366,부산_연제,111
2367,부산_영도,59
2368,부산_중구,69
2369,부산_해운대,251
2370,부천,580
2371,서산,74
2372,서울_강남,973
2373,서울_강동,220
2374,서울_강북,248
2375,서울_강서,389
2376,서울_관악,504
2377,서울_광진,347
2378,서울_구로,373
2379,서울_금천,255
2380,서울_노원,271
2381,서울_도봉,165
2382,서울_동대문,221
2383,서울_동작,396
2384,서울_마포,718
2385,서울_서대문,260
2386,서울_서초,615
2387,서울_성동,192
2388,서울_성북,284
2389,서울_송파,493
2390,서울_양천,173
2391,서울_영등포,547
2392,서울_용산,401
2393,서울_은평,280
2394,서울_종로,345
2395,서울_중구,329
2396,서울_중랑,223
2397,성남,641
2398,수원,875
2399,순천,158
2400,시흥,289
2401,아산,166
2402,안동,79
2403,안산,545
2404,안양,396
2405,양산,127
2406,여수,130
2407,용인,379
2408,울산_남구,225
2409,울산_동구,74
2410,울산_북구,59
2411,울산_울주군,93
2412,울산_중구,75
2413,원주,201
2414,의정부,302
2415,이천,123
2416,익산,118
2417,인천_강화군,21
2418,인천_계양,173
2419,인천_남동,457
2420,인천_동구,24
2421,인천_미추홀,338
2422,인천_부평,486
2423,인천_서구,317
2424,인천_연수,159
2425,인천_옹진군,10
2426,인천_중구,151
2427,전주,372
2428,정읍,43
2429,제주,381
2430,제천,74
2431,진주,142
2432,창원,395
2433,천안,380
2434,청주,451
2435,춘천,119
2436,충주,103
2437,파주,191
2438,평택,341
2439,포항,256
